radius_mm,axial_y_mm
36.000000000,-717.257735389
36.001542866,-717.082079621
36.006170990,-716.906478056
36.013882942,-716.730984880
36.024676343,-716.555654245
36.038547862,-716.380540253
36.055493220,-716.205696940
36.075507186,-716.031178259
36.098583587,-715.857038060
36.124715299,-715.683330079
36.153894261,-715.510107917
36.186111468,-715.337425026
36.221356979,-715.165334692
36.259619919,-714.993890017
36.300888479,-714.823143904
36.345149926,-714.653149041
36.392390602,-714.483957884
36.442595929,-714.315622640
36.495750416,-714.148195254
36.551837661,-713.981727389
36.610840356,-713.816270412
36.672740296,-713.651875380
36.737518378,-713.488593020
36.805154615,-713.326473716
36.875628135,-713.165567495
36.948917193,-713.005924007
37.024999174,-712.847592515
37.103850600,-712.690621875
37.185447140,-712.535060525
37.269763615,-712.380956465
37.356774009,-712.228357250
37.446451471,-712.077309966
37.538768330,-711.927861223
37.633696099,-711.780057137
37.731205485,-711.633943317
37.831266401,-711.489564848
37.933847970,-711.346966282
38.038918538,-711.206191622
38.146445683,-711.067284307
38.256396226,-710.930287200
38.368736237,-710.795242574
38.483431053,-710.662192101
38.600445281,-710.531176837
38.719742814,-710.402237208
38.841286840,-710.275413004
38.965039854,-710.150743357
39.090963668,-710.028266739
39.219019427,-709.908020941
39.349167615,-709.790043069
39.481368072,-709.674369527
39.615580005,-709.561036010
39.751762000,-709.450077488
39.889872034,-709.341528202
40.029867490,-709.235421645
40.171705169,-709.131790560
40.315341305,-709.030666924
40.460731575,-708.932081942
40.607831115,-708.836066035
40.756594534,-708.742648829
40.906975928,-708.651859152
41.058928893,-708.563725019
41.212406541,-708.478273625
41.367361512,-708.395531338
41.523745992,-708.315523691
41.681511724,-708.238275371
41.840610027,-708.163810216
42.000991806,-708.092151203
42.162607572,-708.023320445
42.325407455,-707.957339181
42.489341219,-707.894227770
42.654358279,-707.834005688
42.820407714,-707.776691517
42.987438286,-707.722302944
43.155398455,-707.670856749
43.324236392,-707.622368810
43.493899998,-707.576854087
43.664336919,-707.534326626
43.835494564,-707.494799549
44.007320117,-707.458285053
44.179760558,-707.424794406
44.352762676,-707.394337942
44.799762732,-707.319268051
45.246254559,-707.243445805
45.692233094,-707.166872064
46.137693275,-707.089547697
46.582630050,-707.011473582
47.027038371,-706.932650603
47.470913197,-706.853079655
47.914249492,-706.772761641
48.357042227,-706.691697472
48.799286379,-706.609888068
49.240976929,-706.527334356
49.682108869,-706.444037273
50.122677193,-706.359997764
50.562676903,-706.275216783
51.002103008,-706.189695291
51.440950523,-706.103434259
51.879214469,-706.016434665
52.316889874,-705.928697496
52.753971774,-705.840223747
53.190455209,-705.751014422
53.626335229,-705.661070533
54.061606888,-705.570393101
54.496265248,-705.478983153
54.930305379,-705.386841728
55.363722356,-705.293969871
55.796511263,-705.200368634
56.228667189,-705.106039080
56.660185234,-705.010982279
57.091060500,-704.915199309
57.521288100,-704.818691258
57.950863153,-704.721459219
58.379780786,-704.623504296
58.808036133,-704.524827599
59.235624337,-704.425430250
59.662540545,-704.325313374
60.088779915,-704.224478108
60.514337612,-704.122925596
60.939208807,-704.020656990
61.363388682,-703.917673450
61.786872423,-703.813976144
62.209655227,-703.709566249
62.631732297,-703.604444949
63.053098845,-703.498613437
63.473750091,-703.392072913
63.893681263,-703.284824586
64.312887598,-703.176869672
64.731364338,-703.068209397
65.149106738,-702.958844993
65.566110057,-702.848777700
65.982369566,-702.738008768
66.397880542,-702.626539453
66.812638271,-702.514371019
67.226638048,-702.401504739
67.639875176,-702.287941893
68.052344969,-702.173683771
68.464042745,-702.058731667
68.874963836,-701.943086886
69.285103578,-701.826750740
69.694457320,-701.709724548
70.103020417,-701.592009639
70.510788235,-701.473607347
70.917756148,-701.354519017
71.323919539,-701.234745998
71.729273799,-701.114289649
72.133814332,-700.993151338
72.537536546,-700.871332438
72.940435863,-700.748834332
73.342507712,-700.625658408
73.743747531,-700.501806065
74.144150768,-700.377278708
74.543712882,-700.252077748
74.942429339,-700.126204607
75.340295617,-699.999660712
75.737307201,-699.872447499
76.133459587,-699.744566411
76.528748283,-699.616018899
76.923168802,-699.486806421
77.316716672,-699.356930443
77.709387426,-699.226392439
78.101176612,-699.095193889
78.492079783,-698.963336281
78.882092506,-698.830821112
79.271210355,-698.697649885
79.659428917,-698.563824110
80.046743788,-698.429345306
80.433150573,-698.294214998
80.818644889,-698.158434719
81.203222363,-698.022006010
81.586878632,-697.884930419
81.969609344,-697.747209500
82.351410156,-697.608844815
82.732276738,-697.469837935
83.112204769,-697.330190437
83.491189938,-697.189903903
83.869227947,-697.048979927
84.246314506,-696.907420107
84.622445338,-696.765226049
84.997616176,-696.622399365
85.371822764,-696.478941676
85.745060856,-696.334854610
86.117326218,-696.190139801
86.488614628,-696.044798891
86.858921873,-695.898833528
87.228243752,-695.752245369
87.596576076,-695.605036077
87.963914666,-695.457207321
88.330255355,-695.308760778
88.695593986,-695.159698133
89.059926415,-695.010021077
89.423248510,-694.859731307
89.785556148,-694.708830529
90.146845220,-694.557320454
90.507111625,-694.405202802
90.866351279,-694.252479297
91.224560105,-694.099151673
91.581734039,-693.945221669
91.937869030,-693.790691031
92.292961037,-693.635561513
92.647006033,-693.479834873
93.000000000,-693.323512879
93.733935124,-692.995070454
94.463230616,-692.664054384
95.187850379,-692.330481052
95.907758545,-691.994366971
96.622919480,-691.655728776
97.333297785,-691.314583230
98.038858298,-690.970947218
98.739566096,-690.624837751
99.435386494,-690.276271959
100.126285051,-689.925267096
100.812227569,-689.571840537
101.493180096,-689.216009774
102.169108925,-688.857792420
102.839980600,-688.497206208
103.505761914,-688.134268984
104.166419911,-687.768998714
104.821921892,-687.401413477
105.472235410,-687.031531469
106.117328275,-686.659370998
106.757168558,-686.284950484
107.391724587,-685.908288462
108.020964953,-685.529403574
108.644858510,-685.148314575
109.263374377,-684.765040328
109.876481938,-684.379599805
110.484150847,-683.992012083
111.086351024,-683.602296347
111.683052662,-683.210471888
112.274226225,-682.816558101
112.859842453,-682.420574482
113.439872357,-682.022540632
114.014287227,-681.622476254
114.583058633,-681.220401149
115.146158419,-680.816335220
115.703558715,-680.410298466
116.255231930,-680.002310986
116.801150757,-679.592392974
117.341288174,-679.180564721
117.875617447,-678.766846610
118.404112126,-678.351259121
118.926746052,-677.933822824
119.443493357,-677.514558380
119.954328461,-677.093486543
120.459226081,-676.670628155
120.958161224,-676.246004147
121.451109194,-675.819635536
121.938045592,-675.391543427
122.418946315,-674.961749009
122.893787559,-674.530273557
123.362545822,-674.097138427
123.825197900,-673.662365060
124.281720892,-673.225974974
124.732092203,-672.787989770
125.176289540,-672.348431129
125.614290916,-671.907320807
126.046074650,-671.464680637
126.471619371,-671.020532531
126.890904014,-670.574898472
127.303907827,-670.127800518
127.710610366,-669.679260799
128.110991500,-669.229301518
128.505031412,-668.777944947
128.892710597,-668.325213426
129.274009866,-667.871129364
129.648910345,-667.415715239
130.017393478,-666.958993592
130.379441025,-666.500987030
130.735035066,-666.041718223
131.084158000,-665.581209904
131.426792546,-665.119484867
131.762921745,-664.656565966
132.092528958,-664.192476116
132.415597870,-663.727238288
132.732112491,-663.260875509
133.042057154,-662.793410864
133.345416516,-662.324867491
133.642175563,-661.855268583
133.932319606,-661.384637383
134.215834283,-660.912997187
134.492705560,-660.440371339
134.762919733,-659.966783234
135.026463427,-659.492256314
135.283323598,-659.016814066
135.533487530,-658.540480024
135.776942842,-658.063277766
136.013677483,-657.585230911
136.243679735,-657.106363123
136.466938214,-656.626698104
136.683441868,-656.146259596
136.893179982,-655.665071381
137.096142173,-655.183157275
137.292318396,-654.700541134
137.481698940,-654.217246844
137.664274431,-653.733298329
137.840035832,-653.248719543
138.008974444,-652.763534471
138.171081903,-652.277767129
138.326350187,-651.791441561
138.474771610,-651.304581840
138.616338825,-650.817212064
138.751044825,-650.329356356
138.878882942,-649.841038866
138.999846848,-649.352283762
139.113930557,-648.863115239
139.221128421,-648.373557507
139.321435134,-647.883634801
139.414845731,-647.393371368
139.501355589,-646.902791478
139.580960425,-646.411919412
139.653656299,-645.920779467
139.719439614,-645.429395955
139.778307112,-644.937793196
139.830255880,-644.445995525
139.875283346,-643.954027285
139.913387283,-643.461912826
139.944565803,-642.969676508
139.968817364,-642.477342696
139.986140765,-641.984935757
139.996535148,-641.492480067
140.000000000,-641.000000000
140.000000000,641.000000000
139.996535148,641.492480067
139.986140765,641.984935757
139.968817364,642.477342696
139.944565803,642.969676508
139.913387283,643.461912826
139.875283346,643.954027285
139.830255880,644.445995525
139.778307112,644.937793196
139.719439614,645.429395955
139.653656299,645.920779467
139.580960425,646.411919412
139.501355589,646.902791478
139.414845731,647.393371368
139.321435134,647.883634801
139.221128421,648.373557507
139.113930557,648.863115239
138.999846848,649.352283762
138.878882942,649.841038866
138.751044825,650.329356356
138.616338825,650.817212064
138.474771610,651.304581840
138.326350187,651.791441561
138.171081903,652.277767129
138.008974444,652.763534471
137.840035832,653.248719543
137.664274431,653.733298329
137.481698940,654.217246844
137.292318396,654.700541134
137.096142173,655.183157275
136.893179982,655.665071381
136.683441868,656.146259596
136.466938214,656.626698104
136.243679735,657.106363123
136.013677483,657.585230911
135.776942842,658.063277766
135.533487530,658.540480024
135.283323598,659.016814066
135.026463427,659.492256314
134.762919733,659.966783234
134.492705560,660.440371339
134.215834283,660.912997187
133.932319606,661.384637383
133.642175563,661.855268583
133.345416516,662.324867491
133.042057154,662.793410864
132.732112491,663.260875509
132.415597870,663.727238288
132.092528958,664.192476116
131.762921745,664.656565966
131.426792546,665.119484867
131.084158000,665.581209904
130.735035066,666.041718223
130.379441025,666.500987030
130.017393478,666.958993592
129.648910345,667.415715239
129.274009866,667.871129364
128.892710597,668.325213426
128.505031412,668.777944947
128.110991500,669.229301518
127.710610366,669.679260799
127.303907827,670.127800518
126.890904014,670.574898472
126.471619371,671.020532531
126.046074650,671.464680637
125.614290916,671.907320807
125.176289540,672.348431129
124.732092203,672.787989770
124.281720892,673.225974974
123.825197900,673.662365060
123.362545822,674.097138427
122.893787559,674.530273557
122.418946315,674.961749009
121.938045592,675.391543427
121.451109194,675.819635536
120.958161224,676.246004147
120.459226081,676.670628155
119.954328461,677.093486543
119.443493357,677.514558380
118.926746052,677.933822824
118.404112126,678.351259121
117.875617447,678.766846610
117.341288174,679.180564721
116.801150757,679.592392974
116.255231930,680.002310986
115.703558715,680.410298466
115.146158419,680.816335220
114.583058633,681.220401149
114.014287227,681.622476254
113.439872357,682.022540632
112.859842453,682.420574482
112.274226225,682.816558101
111.683052662,683.210471888
111.086351024,683.602296347
110.484150847,683.992012083
109.876481938,684.379599805
109.263374377,684.765040328
108.644858510,685.148314575
108.020964953,685.529403574
107.391724587,685.908288462
106.757168558,686.284950484
106.117328275,686.659370998
105.472235410,687.031531469
104.821921892,687.401413477
104.166419911,687.768998714
103.505761914,688.134268984
102.839980600,688.497206208
102.169108925,688.857792420
101.493180096,689.216009774
100.812227569,689.571840537
100.126285051,689.925267096
99.435386494,690.276271959
98.739566096,690.624837751
98.038858298,690.970947218
97.333297785,691.314583230
96.622919480,691.655728776
95.907758545,691.994366971
95.187850379,692.330481052
94.463230616,692.664054384
93.733935124,692.995070454
93.000000000,693.323512879
92.647006033,693.479834873
92.292961037,693.635561513
91.937869030,693.790691031
91.581734039,693.945221669
91.224560105,694.099151673
90.866351279,694.252479297
90.507111625,694.405202802
90.146845220,694.557320454
89.785556148,694.708830529
89.423248510,694.859731307
89.059926415,695.010021077
88.695593986,695.159698133
88.330255355,695.308760778
87.963914666,695.457207321
87.596576076,695.605036077
87.228243752,695.752245369
86.858921873,695.898833528
86.488614628,696.044798891
86.117326218,696.190139801
85.745060856,696.334854610
85.371822764,696.478941676
84.997616176,696.622399365
84.622445338,696.765226049
84.246314506,696.907420107
83.869227947,697.048979927
83.491189938,697.189903903
83.112204769,697.330190437
82.732276738,697.469837935
82.351410156,697.608844815
81.969609344,697.747209500
81.586878632,697.884930419
81.203222363,698.022006010
80.818644889,698.158434719
80.433150573,698.294214998
80.046743788,698.429345306
79.659428917,698.563824110
79.271210355,698.697649885
78.882092506,698.830821112
78.492079783,698.963336281
78.101176612,699.095193889
77.709387426,699.226392439
77.316716672,699.356930443
76.923168802,699.486806421
76.528748283,699.616018899
76.133459587,699.744566411
75.737307201,699.872447499
75.340295617,699.999660712
74.942429339,700.126204607
74.543712882,700.252077748
74.144150768,700.377278708
73.743747531,700.501806065
73.342507712,700.625658408
72.940435863,700.748834332
72.537536546,700.871332438
72.133814332,700.993151338
71.729273799,701.114289649
71.323919539,701.234745998
70.917756148,701.354519017
70.510788235,701.473607347
70.103020417,701.592009639
69.694457320,701.709724548
69.285103578,701.826750740
68.874963836,701.943086886
68.464042745,702.058731667
68.052344969,702.173683771
67.639875176,702.287941893
67.226638048,702.401504739
66.812638271,702.514371019
66.397880542,702.626539453
65.982369566,702.738008768
65.566110057,702.848777700
65.149106738,702.958844993
64.731364338,703.068209397
64.312887598,703.176869672
63.893681263,703.284824586
63.473750091,703.392072913
63.053098845,703.498613437
62.631732297,703.604444949
62.209655227,703.709566249
61.786872423,703.813976144
61.363388682,703.917673450
60.939208807,704.020656990
60.514337612,704.122925596
60.088779915,704.224478108
59.662540545,704.325313374
59.235624337,704.425430250
58.808036133,704.524827599
58.379780786,704.623504296
57.950863153,704.721459219
57.521288100,704.818691258
57.091060500,704.915199309
56.660185234,705.010982279
56.228667189,705.106039080
55.796511263,705.200368634
55.363722356,705.293969871
54.930305379,705.386841728
54.496265248,705.478983153
54.061606888,705.570393101
53.626335229,705.661070533
53.190455209,705.751014422
52.753971774,705.840223747
52.316889874,705.928697496
51.879214469,706.016434665
51.440950523,706.103434259
51.002103008,706.189695291
50.562676903,706.275216783
50.122677193,706.359997764
49.682108869,706.444037273
49.240976929,706.527334356
48.799286379,706.609888068
48.357042227,706.691697472
47.914249492,706.772761641
47.470913197,706.853079655
47.027038371,706.932650603
46.582630050,707.011473582
46.137693275,707.089547697
45.692233094,707.166872064
45.246254559,707.243445805
44.799762732,707.319268051
44.352762676,707.394337942
44.179760558,707.424794406
44.007320117,707.458285053
43.835494564,707.494799549
43.664336919,707.534326626
43.493899998,707.576854087
43.324236392,707.622368810
43.155398455,707.670856749
42.987438286,707.722302944
42.820407714,707.776691517
42.654358279,707.834005688
42.489341219,707.894227770
42.325407455,707.957339181
42.162607572,708.023320445
42.000991806,708.092151203
41.840610027,708.163810216
41.681511724,708.238275371
41.523745992,708.315523691
41.367361512,708.395531338
41.212406541,708.478273625
41.058928893,708.563725019
40.906975928,708.651859152
40.756594534,708.742648829
40.607831115,708.836066035
40.460731575,708.932081942
40.315341305,709.030666924
40.171705169,709.131790560
40.029867490,709.235421645
39.889872034,709.341528202
39.751762000,709.450077488
39.615580005,709.561036010
39.481368072,709.674369527
39.349167615,709.790043069
39.219019427,709.908020941
39.090963668,710.028266739
38.965039854,710.150743357
38.841286840,710.275413004
38.719742814,710.402237208
38.600445281,710.531176837
38.483431053,710.662192101
38.368736237,710.795242574
38.256396226,710.930287200
38.146445683,711.067284307
38.038918538,711.206191622
37.933847970,711.346966282
37.831266401,711.489564848
37.731205485,711.633943317
37.633696099,711.780057137
37.538768330,711.927861223
37.446451471,712.077309966
37.356774009,712.228357250
37.269763615,712.380956465
37.185447140,712.535060525
37.103850600,712.690621875
37.024999174,712.847592515
36.948917193,713.005924007
36.875628135,713.165567495
36.805154615,713.326473716
36.737518378,713.488593020
36.672740296,713.651875380
36.610840356,713.816270412
36.551837661,713.981727389
36.495750416,714.148195254
36.442595929,714.315622640
36.392390602,714.483957884
36.345149926,714.653149041
36.300888479,714.823143904
36.259619919,714.993890017
36.221356979,715.165334692
36.186111468,715.337425026
36.153894261,715.510107917
36.124715299,715.683330079
36.098583587,715.857038060
36.075507186,716.031178259
36.055493220,716.205696940
36.038547862,716.380540253
36.024676343,716.555654245
36.013882942,716.730984880
36.006170990,716.906478056
36.001542866,717.082079621
36.000000000,717.257735389
