increment,gamma,ierr,FI_FT,FI_FC,FI_MT,FI_MC,delta0_FT,delta0_MT,sigma0_FT,sigma0_MT,d_FT,d_MT,dv_MT,tau
1,0.000775,0,0.002502273243801652,0.0,0.002502273243801652,0.0,0.0,0.0,0.0,0.0,0.0,0.0,0.0,5.5024999999999995
2,0.00155,0,0.010009092975206609,0.0,0.010009092975206609,0.0,0.0,0.0,0.0,0.0,0.0,0.0,0.0,11.004999999999999
3,0.002325,0,0.022520459194214876,0.0,0.022520459194214876,0.0,0.0,0.0,0.0,0.0,0.0,0.0,0.0,16.5075
4,0.0031,0,0.040036371900826435,0.0,0.040036371900826435,0.0,0.0,0.0,0.0,0.0,0.0,0.0,0.0,22.009999999999998
5,0.003875,0,0.06255683109504133,0.0,0.06255683109504133,0.0,0.0,0.0,0.0,0.0,0.0,0.0,0.0,27.5125
6,0.00465,0,0.0900818367768595,0.0,0.0900818367768595,0.0,0.0,0.0,0.0,0.0,0.0,0.0,0.0,33.015
7,0.005425,0,0.122611388946281,0.0,0.122611388946281,0.0,0.0,0.0,0.0,0.0,0.0,0.0,0.0,38.5175
8,0.0062,0,0.16014548760330571,0.0,0.16014548760330571,0.0,0.0,0.0,0.0,0.0,0.0,0.0,0.0,44.01999999999999
9,0.006974999999999999,0,0.2026841327479338,0.0,0.2026841327479338,0.0,0.0,0.0,0.0,0.0,0.0,0.0,0.0,49.52249999999999
10,0.00775,0,0.2502273243801652,0.0,0.2502273243801652,0.0,0.0,0.0,0.0,0.0,0.0,0.0,0.0,55.024999999999984
11,0.008525,0,0.30277506249999975,0.0,0.30277506249999975,0.0,0.0,0.0,0.0,0.0,0.0,0.0,0.0,60.52749999999998
12,0.0093,0,0.3603273471074379,0.0,0.3603273471074379,0.0,0.0,0.0,0.0,0.0,0.0,0.0,0.0,66.02999999999999
13,0.010074999999999999,0,0.4228841782024792,0.0,0.4228841782024792,0.0,0.0,0.0,0.0,0.0,0.0,0.0,0.0,71.53249999999998
14,0.01085,0,0.49044555578512367,0.0,0.49044555578512367,0.0,0.0,0.0,0.0,0.0,0.0,0.0,0.0,77.03499999999998
15,0.011625,0,0.5630114798553716,0.0,0.5630114798553716,0.0,0.0,0.0,0.0,0.0,0.0,0.0,0.0,82.53749999999998
16,0.0124,0,0.6405819504132229,0.0,0.6405819504132229,0.0,0.0,0.0,0.0,0.0,0.0,0.0,0.0,88.03999999999998
17,0.013175,0,0.7231569674586773,0.0,0.7231569674586773,0.0,0.0,0.0,0.0,0.0,0.0,0.0,0.0,93.54249999999998
18,0.013949999999999999,0,0.8107365309917351,0.0,0.8107365309917351,0.0,0.0,0.0,0.0,0.0,0.0,0.0,0.0,99.04499999999997
19,0.014725,0,0.9033206410123961,0.0,0.9033206410123961,0.0,0.0,0.0,0.0,0.0,0.0,0.0,0.0,104.54749999999997
20,0.0155,1033,0.9033206410123961,0.0,0.9033206410123961,0.0,0.0,0.0,0.0,0.0,0.0,0.0,0.0,0.0
