i,gamma,tau,d,psi,dW,dD
1,0.0001125,0.79875,0.0,4.4929687499999994e-05,4.4929687499999994e-05,0.0
2,0.000225,1.5975,0.0,0.00017971874999999997,0.00013478906249999998,0.0
3,0.0003375,2.39625,0.0,0.00040436718750000005,0.00022464843750000008,0.0
4,0.00045,3.195,0.0,0.0007188749999999999,0.00031450781249999995,1.0842021724855044e-19
5,0.0005625,3.99375,0.0,0.0011232421875,0.0004043671874999999,-1.0842021724855044e-19
6,0.000675,4.7924999999999995,0.0,0.00161746875,0.0004942265625000003,2.168404344971009e-19
7,0.0007875,5.59125,0.0,0.0022015546874999997,0.0005840859374999998,0.0
8,0.0009,6.389999999999999,0.0,0.0028754999999999996,0.0006739453124999997,-1.0842021724855044e-19
9,0.0010125,7.18875,0.0,0.0036393046874999995,0.0007638046874999997,-2.168404344971009e-19
10,0.001125,7.9875,0.0,0.00449296875,0.0008536640624999997,-3.2526065174565133e-19
11,0.0012374999999999999,8.786249999999999,0.0,0.005436492187499999,0.0009435234374999997,0.0
12,0.00135,9.584999999999999,0.0,0.006469875,0.0010333828125000015,8.673617379884035e-19
13,0.0014624999999999998,10.38375,0.0,0.007593117187499998,0.0011232421874999975,-6.505213034913027e-19
14,0.001575,11.1825,0.0,0.008806218749999999,0.0012131015625000017,8.673617379884035e-19
15,0.0016874999999999998,11.981249999999998,0.0,0.010109179687499997,0.001302960937499997,-1.3010426069826053e-18
16,0.0018,12.779999999999998,0.0,0.011501999999999998,0.0013928203125000021,1.0842021724855044e-18
17,0.0019125000000000001,13.578749999999998,0.0,0.012984679687499999,0.001482679687500002,1.734723475976807e-18
18,0.002025,14.3775,0.0,0.014557218749999998,0.0015725390624999965,-3.0357660829594124e-18
19,0.0021375,15.176250000000001,0.0,0.0162196171875,0.0016623984375000028,6.505213034913027e-19
20,0.00225,15.975000000000001,0.0,0.017971875000000002,0.0017522578124999964,-4.9873299934333204e-18
21,0.0023625,16.773750000000003,0.0,0.019813992187500004,0.001842117187500003,6.505213034913027e-19
22,0.0024749999999999998,17.572500000000005,0.0,0.021745968750000004,0.0019319765624999964,-3.469446951953614e-18
23,0.0025875,18.371250000000007,0.0,0.02376780468750001,0.002021835937500004,-4.336808689942018e-19
24,0.0027,19.17000000000001,0.0,0.025879500000000014,0.0021116953125000044,-8.673617379884035e-19
25,0.0028125,19.968750000000007,0.0,0.02808105468750001,0.0022015546874999963,4.336808689942018e-19
26,0.0029249999999999996,20.76750000000001,0.0,0.03037246875000001,0.0022914140624999955,-4.7704895589362195e-18
27,0.0030375,21.56625000000001,0.0,0.03275374218750002,0.002381273437500005,-3.0357660829594124e-18
28,0.00315,22.365000000000013,0.0,0.035224875000000024,0.0024711328125000052,-4.336808689942018e-19
29,0.0032624999999999998,23.163750000000014,0.0,0.03778586718750002,0.002560992187499996,-3.469446951953614e-18
30,0.0033749999999999995,23.962500000000016,0.0,0.040436718750000024,0.002650851562499996,-4.7704895589362195e-18
31,0.0034875,24.761250000000018,0.0,0.04317742968750003,0.0027407109375000172,8.673617379884035e-18
32,0.0036,25.560000000000016,0.0,0.04600800000000003,0.0028305703124999956,0.0
33,0.0037124999999999997,26.35875000000002,0.0,0.04892842968750003,0.0029204296874999953,-8.239936510889834e-18
34,0.0038250000000000003,27.15750000000002,0.0,0.05193871875000004,0.003010289062500019,7.37257477290143e-18
35,0.0039375,27.95625000000002,0.0,0.055038867187500035,0.0031001484374999955,3.903127820947816e-18
36,0.00405,28.755000000000017,0.0,0.058228875000000034,0.003190007812499995,-4.336808689942018e-18
37,0.0041625,29.553750000000015,0.0,0.061508742187500035,0.00327986718750002,1.951563910473908e-17
38,0.004275,30.352500000000013,0.0,0.06487846875000003,0.003369726562499994,-4.336808689942018e-19
39,0.0043875,31.15125000000001,0.0,0.06833805468750002,0.0034595859374999937,-1.734723475976807e-18
40,0.0045,31.95000000000001,0.0,0.07188750000000002,0.0035494453124999934,-3.0357660829594124e-18
41,0.0046125,32.74875000000001,0.0,0.07552680468750002,0.003639304687500021,2.3852447794681098e-17
42,0.004725,33.54750000000001,0.0,0.07925596875000002,0.0037291640624999927,-5.637851296924623e-18
43,0.0048375,34.346250000000005,0.0,0.0830749921875,0.0038190234374999923,6.938893903907228e-18
44,0.0049499999999999995,35.145,0.0,0.086983875,0.003908882812499992,-8.673617379884035e-18
45,0.0050625,35.94375,0.0,0.0909826171875,0.003998742187500022,2.0816681711721685e-17
46,0.005175,36.7425,0.0,0.09507121874999999,0.004088601562499991,2.6020852139652106e-18
47,0.0052875,37.54125,0.0,0.0992496796875,0.004178460937499991,-1.214306433183765e-17
48,0.0054,38.339999999999996,0.0,0.103518,0.004268320312500023,1.9081958235744878e-17
49,0.0055125,39.138749999999995,0.0,0.10787617968749999,0.00435817968749999,-8.673617379884035e-19
50,0.005625,39.93749999999999,0.0,0.11232421874999998,0.0044480390624999895,-2.6020852139652106e-18
51,0.0057374999999999995,40.73624999999999,0.0,0.11686211718749996,0.004537898437499989,9.540979117872439e-18
52,0.005849999999999999,41.53499999999999,0.0,0.12148987499999996,0.004627757812499989,-5.204170427930421e-18
53,0.005962499999999999,42.33374999999999,0.0,0.12620749218749994,0.004717617187499988,6.938893903907228e-18
54,0.006075,43.132499999999986,0.0,0.13101496874999996,0.004807476562500025,8.673617379884035e-19
55,0.0061875,43.931249999999984,0.0,0.13591230468749996,0.004897335937500026,2.862293735361732e-17
56,0.0063,44.72999999999998,0.0,0.14089949999999996,0.0049871953124999875,-1.0408340855860843e-17
57,0.0064125,45.52874999999998,0.0,0.14597655468749993,0.005077054687499987,1.5612511283791264e-17
58,0.0065249999999999996,46.32749999999998,0.0,0.15114346874999993,0.005166914062499987,-1.3010426069826053e-17
59,0.006637499999999999,47.12624999999998,0.0,0.1564002421874999,0.005256773437499986,1.3010426069826053e-17
60,0.006749999999999999,47.924999999999976,0.0,0.1617468749999999,0.005346632812499985,-1.6479873021779667e-17
61,0.0068625000000000005,48.723749999999974,0.0,0.16718336718749993,0.005436492187500069,3.8163916471489756e-17
62,0.006975,49.52249999999997,0.0,0.1727097187499999,0.005526351562499985,8.673617379884035e-18
63,0.0070875,50.32124999999997,0.0,0.17832592968749988,0.005616210937499985,7.806255641895632e-18
64,0.0072,51.11999999999997,0.0,0.1840319999999999,0.005706070312499984,-2.168404344971009e-17
65,0.0073124999999999996,51.91874999999997,0.0,0.18982792968749987,0.005795929687499984,5.204170427930421e-18
66,0.007424999999999999,52.717499999999966,0.0,0.19571371874999985,0.005885789062499983,3.469446951953614e-18
67,0.007537499999999999,53.516249999999964,0.0,0.20168936718749983,0.0059756484374999825,1.734723475976807e-18
68,0.0076500000000000005,54.31499999999996,0.0,0.20775487499999987,0.006065507812500076,3.903127820947816e-17
69,0.0077625,55.11374999999996,0.0,0.21391024218749985,0.006155367187499982,-8.673617379884035e-19
70,0.007875,55.912499999999966,0.0,0.22015546874999986,0.006245226562499982,-2.949029909160572e-17
71,0.0079875,56.711249999999964,0.0,0.22649055468749985,0.006335085937499982,-2.6020852139652106e-18
72,0.0081,57.50999999999996,0.0,0.23291549999999983,0.006424945312499982,-3.469446951953614e-18
73,0.0082125,58.30874999999996,0.0,0.23943030468749982,0.006514804687499981,-5.204170427930421e-18
74,0.008325,59.10749999999996,0.0,0.24603496874999986,0.006604664062500083,3.9898639947466563e-17
75,0.0084375,59.90624999999996,0.0,0.25272949218749985,0.006694523437499981,-7.806255641895632e-18
76,0.00855,60.704999999999956,0.0,0.25951387499999984,0.00678438281249998,-9.540979117872439e-18
77,0.0086625,61.503749999999954,0.0,0.26638811718749983,0.00687424218749998,-1.0408340855860843e-17
78,0.008775,62.30249999999995,0.0,0.27335221874999976,0.006964101562499979,4.336808689942018e-17
79,0.0088875,63.10124999999995,0.0,0.28040617968749976,0.007053960937499979,-1.3010426069826053e-17
80,0.009,63.89999999999995,0.0,0.28754999999999975,0.0071438203124999785,-1.474514954580286e-17
81,0.0091125,64.69874999999995,0.0,0.2947836796874998,0.007233679687500089,3.903127820947816e-17
82,0.009225,65.49749999999995,0.0,0.30210721874999974,0.007323539062499979,3.903127820947816e-17
83,0.0093375,66.29624999999994,0.0,0.30952061718749974,0.007413398437499977,-1.9081958235744878e-17
84,0.00945,67.09499999999994,0.0,0.31702387499999973,0.007503257812499978,-1.9081958235744878e-17
85,0.0095625,67.89374999999994,0.0,0.32461699218749973,0.0075931171874999755,-2.2551405187698492e-17
86,0.009675,68.69249999999994,0.0,0.3322999687499997,0.007682976562499977,3.382710778154774e-17
87,0.0097875,69.49124999999994,0.0,0.3400728046874997,0.007772835937499975,-2.5153490401663703e-17
88,0.009899999999999999,70.28999999999994,0.0,0.3479354999999996,0.007862695312499977,3.122502256758253e-17
89,0.0100125,71.08874999999993,0.0,0.3558880546874997,0.007952554687500097,3.9898639947466563e-17
90,0.010125,71.88749999999993,0.0,0.3639304687499997,0.008042414062499975,-2.7755575615628914e-17
91,0.0102375,72.68624999999993,0.0,0.37206274218749963,0.008132273437499974,2.6020852139652106e-17
92,0.01035,73.48499999999993,0.0,0.38028487499999963,0.008222132812499975,-2.949029909160572e-17
93,0.0104625,74.28374999999993,0.0,0.3885968671874996,0.008311992187499973,2.2551405187698492e-17
94,0.010575,75.08249999999992,0.0,0.3969987187499996,0.008401851562499974,-3.2959746043559335e-17
95,0.010687499999999999,75.88124999999992,0.0,0.40549042968749954,0.008491710937499971,1.9081958235744878e-17
96,0.0108,76.67999999999992,0.0,0.4140719999999996,0.008581570312500106,4.163336342344337e-17
97,0.0109125,77.47874999999992,0.0,0.42274342968749956,0.008671429687499971,1.734723475976807e-17
98,0.011025,78.27749999999992,0.0,0.43150471874999957,0.008761289062499972,-3.8163916471489756e-17
99,0.0111375,79.07624999999992,0.0,0.44035586718749953,0.00885114843749997,1.3877787807814457e-17
100,0.01125,79.87499999999991,0.0,0.4492968749999995,0.008941007812499971,1.3877787807814457e-17
101,0.0113625,80.67374999999991,0.0,0.4583277421874995,0.00903086718749997,-4.336808689942018e-17
102,0.011474999999999999,81.47249999999991,0.0,0.46744846874999946,0.009120726562499971,1.214306433183765e-17
103,0.011587499999999999,82.27124999999991,0.0,0.4766590546874994,0.009210585937499969,8.673617379884035e-18
104,0.011699999999999999,83.06999999999991,0.0,0.4859594999999994,0.00930044531249997,8.673617379884035e-18
105,0.011812499999999998,83.8687499999999,0.0,0.4953498046874994,0.009390304687499969,-4.85722573273506e-17
106,0.011924999999999998,84.6674999999999,0.0,0.5048299687499993,0.00948016406249997,6.245004513516506e-17
107,0.0120375,85.4662499999999,0.0,0.5143999921874994,0.009570023437500115,-1.5612511283791264e-17
108,0.01215,86.2649999999999,0.0,0.5240598749999994,0.009659882812499968,3.469446951953614e-18
109,0.0122625,87.0637499999999,0.0,0.5338096171874994,0.009749742187500117,9.540979117872439e-17
110,0.012375,87.8624999999999,0.0,0.5436492187499994,0.009839601562499968,1.734723475976807e-18
111,0.0124875,88.6612499999999,0.0,0.5535786796874994,0.009929460937499966,-5.724587470723463e-17
112,0.0126,89.4599999999999,0.0,0.5635979999999994,0.010019320312499967,-1.734723475976807e-18
113,0.0127125,90.25874999999989,0.0,0.5737071796874993,0.010109179687499964,5.0306980803327406e-17
114,0.012825,91.05749999999989,0.0,0.5839062187499993,0.010199039062499967,-3.469446951953614e-18
115,0.0129375,91.85624999999989,0.0,0.5941951171874993,0.010288898437499965,-6.245004513516506e-17
116,0.013049999999999999,92.65499999999989,0.0,0.6045738749999993,0.010378757812499965,-6.938893903907228e-18
117,0.013162499999999999,93.45374999999989,0.0,0.6150424921874992,0.010468617187499963,4.5102810375396984e-17
118,0.013274999999999999,94.25249999999988,0.0,0.6256009687499992,0.010558476562499964,-1.0408340855860843e-17
119,0.013387499999999998,95.05124999999988,0.0,0.6362493046874992,0.010648335937499963,-6.765421556309548e-17
120,0.013499999999999998,95.84999999999988,0.0,0.646987499999999,0.010738195312499964,9.8879238130678e-17
121,0.013612499999999998,96.64874999999988,0.0,0.6578155546874991,0.010828054687499962,-7.112366251504909e-17
122,0.013725000000000001,97.44749999999988,0.0,0.6687334687499992,0.010917914062500299,2.0990154059319366e-16
123,0.0138375,98.24624999999988,0.0,0.6797412421874992,0.011007773437499962,-7.28583859910259e-17
124,0.01395,99.04499999999987,0.0,0.6908388749999992,0.011097632812499963,-1.734723475976807e-17
125,0.0140625,99.84374999999987,0.0,0.7020263671874991,0.01118749218749996,3.469446951953614e-17
126,0.014175,100.64249999999987,0.0,0.7133037187499991,0.011277351562499961,-2.0816681711721685e-17
127,0.0142875,101.44124999999987,0.0,0.724670929687499,0.011367210937499959,3.122502256758253e-17
128,0.0144,102.23999999999987,0.0,0.736127999999999,0.011457070312499961,-2.2551405187698492e-17
129,0.0145125,103.03874999999987,0.0,0.7476749296874989,0.011546929687499959,2.949029909160572e-17
130,0.014624999999999999,103.83749999999986,0.0,0.7593117187499989,0.01163678906249996,-2.6020852139652106e-17
131,0.014737499999999999,104.63624999999986,0.0,0.771038367187499,0.011726648437499957,-8.500145032286355e-17
132,0.014849999999999999,105.43499999999986,0.0,0.7828548749999988,0.01181650781249996,8.326672684688674e-17
133,0.014962499999999998,106.23374999999986,0.0,0.7947612421874989,0.011906367187499958,-8.673617379884035e-17
134,0.015074999999999998,107.03249999999986,0.0,0.8067574687499989,0.011996226562499959,-3.122502256758253e-17
135,0.0151875,107.83124999999986,0.0,0.8188435546874989,0.012086085937500143,9.71445146547012e-17
136,0.015300000000000001,108.62999999999985,0.0,0.8310194999999989,0.012175945312500146,1.5439038936193583e-16
137,0.0154125,109.42874999999985,0.0,0.8432853046874988,0.012265804687499956,1.9081958235744878e-17
138,0.015525,109.80855907780992,0.004222992570314632,0.8523889398414995,0.012332098635626771,0.0032284634816260715
139,0.0156375,109.13641210374652,0.018912823631581817,0.8533103221361681,0.012315654628962332,0.011394272334293794
140,0.01575,108.46426512968311,0.03339279996340269,0.8541560878962545,0.012240038094380578,0.011394272334294141
141,0.015862499999999998,107.79211815561972,0.04766738656002007,0.8549262371217587,0.01216442155979807,0.011394272334293847
142,0.015975,107.1199711815563,0.0617409226411925,0.8556207698126809,0.012088805025216311,0.011394272334294188
143,0.016087499999999998,106.4478242074929,0.07561762604990062,0.8562396859690209,0.012013188490633805,0.011394272334293784
144,0.0162,105.77567723342948,0.08930159746682145,0.8567829855907787,0.011937571956052042,0.011394272334294233
145,0.016312499999999997,105.10353025936604,0.10279682445040547,0.8572506686779541,0.011861955421469539,0.011394272334294164
146,0.016425,104.43138328530267,0.11610718531092636,0.8576427352305481,0.01178633888688777,0.01139427233429372
147,0.016537499999999997,103.75923631123925,0.12923645282640644,0.8579591852485594,0.011710722352305277,0.011394272334293994
148,0.01665,103.08708933717585,0.14218829780789324,0.858200018731989,0.011635105817723862,0.011394272334294237
149,0.0167625,102.41494236311244,0.15496629252117247,0.8583652356808361,0.011559489283141012,0.011394272334293932
150,0.016875,101.74279538904901,0.167573913971608,0.8584548360951011,0.011483872748559233,0.011394272334294254
151,0.0169875,101.07064841498563,0.18001454705846126,0.8584688199747841,0.011408256213976748,0.01139427233429376
152,0.0171,100.3985014409222,0.19229148760469836,0.8584071873198849,0.011332639679394966,0.01139427233429419
153,0.0172125,99.72635446685881,0.2044079452679778,0.8582699381304035,0.011257023144812483,0.011394272334293808
154,0.017325,99.0542074927954,0.2163670463382279,0.8580570724063401,0.011181406610230697,0.011394272334294124
155,0.017437499999999998,98.38206051873196,0.22817183642692643,0.8577685901476942,0.01110579007564822,0.01139427233429408
156,0.01755,97.70991354466857,0.239825283052949,0.8574044913544666,0.011030173541066425,0.011394272334294055
157,0.017662499999999998,97.03776657060514,0.2513302781295958,0.8569647760266565,0.010954557006483952,0.011394272334294017
158,0.017775,96.36561959654176,0.26268964035717085,0.8564494441642648,0.010878940471902156,0.011394272334293878
159,0.017887499999999997,95.69347262247835,0.2739061175252798,0.8558584957672907,0.01080332393731969,0.011394272334293847
160,0.018,95.02132564841492,0.2849823887287874,0.8551919308357342,0.010727707402737888,0.011394272334294367
161,0.0181125,94.34917867435153,0.29592106650119526,0.8544497493695961,0.010652090868155755,0.011394272334293892
162,0.018225,93.6770317002881,0.3067246988690058,0.8536319513688754,0.010576474333573619,0.011394272334294301
163,0.0183375,93.00488472622472,0.3173957713304625,0.8527385368335728,0.010500857798991162,0.011394272334293723
164,0.01845,92.33273775216131,0.3279367087619017,0.8517695057636882,0.010425241264409352,0.011394272334294015
165,0.0185625,91.66059077809787,0.338349877254778,0.8507248581592208,0.010349624729826897,0.011394272334294216
166,0.018675,90.98844380403447,0.34863758588629407,0.849604594020172,0.01027400819524508,0.011394272334293945
167,0.0187875,90.31629682997105,0.3588020884264151,0.8484087133465406,0.010198391660662632,0.011394272334294043
168,0.0189,89.64414985590767,0.3688455849839153,0.8471372161383275,0.010122775126080811,0.01139427233429388
169,0.019012499999999998,88.97200288184425,0.37877022359398965,0.8457901023955318,0.010047158591498368,0.011394272334294093
170,0.019125,88.29985590778082,0.38857810174982793,0.8443673721181542,0.009971542056916543,0.011394272334294147
171,0.019237499999999998,87.62770893371743,0.3982712678804515,0.8428690253061945,0.009895925522334103,0.011394272334293808
172,0.01935,86.95556195965402,0.4078517227769981,0.8412950619596526,0.009820308987752274,0.01139427233429408
173,0.0194625,86.28341498559062,0.41732142096953834,0.8396454820785288,0.00974469245317014,0.011394272334293937
174,0.019575,85.61126801152722,0.4266822720564174,0.8379202856628226,0.009669075918587709,0.01139427233429394
175,0.0196875,84.93912103746376,0.43593614198801783,0.836119472712534,0.009593459384005869,0.011394272334294535
176,0.019799999999999998,84.26697406340038,0.4450848543067589,0.8342430432276637,0.009517842849423442,0.011394272334293654
177,0.0199125,83.59482708933697,0.45413019134506244,0.8322909972082112,0.009442226314841602,0.011394272334294138
178,0.020025,82.92268011527358,0.4630738953829354,0.8302633346541768,0.009366609780259468,0.011394272334293883
179,0.0201375,82.25053314121017,0.47191766976675414,0.8281600555655598,0.009290993245677046,0.011394272334294006
180,0.02025,81.57838616714673,0.4806631799907527,0.8259811599423607,0.009215376711095197,0.01139427233429437
181,0.0203625,80.90623919308335,0.4893120547426626,0.8237266477845798,0.009139760176512782,0.011394272334293612
182,0.020475,80.23409221901991,0.49786588691488143,0.8213965190922163,0.009064143641930927,0.011394272334294414
183,0.020587499999999998,79.56194524495652,0.5063262345824856,0.8189907738652711,0.008988527107348517,0.011394272334293772
184,0.0207,78.88979827089311,0.5146946219493552,0.8165094121037437,0.008912910572766658,0.011394272334294015
185,0.020812499999999998,78.21765129682969,0.52297254026361,0.8139524338076338,0.008837294038184252,0.011394272334294154
186,0.020925,77.54550432276629,0.5311614487035177,0.8113198389769423,0.00876167750360239,0.011394272334293949
187,0.021037499999999997,76.87335734870287,0.5392627752349775,0.8086116276116682,0.008686060969019986,0.011394272334294091
188,0.02115,76.20121037463949,0.5472779174416341,0.8058277997118125,0.008610444434438121,0.011394272334293772
189,0.021262499999999997,75.52906340057605,0.555208243328644,0.802968355277374,0.008534827899855725,0.011394272334294254
190,0.021374999999999998,74.85691642651263,0.5630550921010538,0.8000332943083536,0.00845921136527385,0.01139427233429426
191,0.021487499999999996,74.18476945244926,0.5708197749177312,0.7970226168047516,0.008383594830691458,0.011394272334293413
192,0.0216,73.51262247838584,0.578503575621735,0.7939363227665671,0.00830797829610984,0.011394272334294341
193,0.021712500000000003,72.84047550432244,0.5861077514479771,0.7907744121938006,0.00823236176152745,0.01139427233429394
194,0.021825,72.16832853025903,0.5936335337090003,0.7875368850864517,0.008156745226945065,0.01139427233429399
195,0.021937500000000002,71.49618155619558,0.6010821284596541,0.7842237414445203,0.008081128692363179,0.011394272334294539
196,0.02205,70.82403458213219,0.6084547171414235,0.7808349812680073,0.008005512157780796,0.011394272334293814
197,0.0221625,70.15188760806879,0.6157524572071343,0.7773706045569123,0.00792989562319891,0.011394272334293918
198,0.022275,69.4797406340054,0.6229764827267269,0.7738306113112351,0.007854279088616535,0.011394272334293755
199,0.0223875,68.80759365994197,0.6301279049747659,0.7702150015309754,0.007778662554034642,0.011394272334294298
200,0.0225,68.13544668587856,0.6372078130003245,0.7665237752161338,0.007703046019452269,0.011394272334293912
201,0.0226125,67.46329971181514,0.6442172741798575,0.7627569323667099,0.007627429484870372,0.011394272334294228
202,0.022725,66.79115273775173,0.6511573347536527,0.758914472982704,0.007551812950288004,0.011394272334293963
203,0.0228375,66.11900576368834,0.6580290203464251,0.7549963970641161,0.007476196415706102,0.01139427233429394
204,0.022949999999999998,65.44685878962491,0.6648333364726018,0.7510027046109458,0.00740057988112374,0.011394272334294124
205,0.0230625,64.77471181556152,0.6715712690268157,0.7469333956231937,0.007324963346541834,0.011394272334293874
206,0.023174999999999998,64.10256484149814,0.6782437847601149,0.7427884701008596,0.007249346811959478,0.011394272334293621
207,0.0232875,63.430417867434684,0.6848518317423681,0.7385679280439426,0.007173730277377566,0.011394272334294585
208,0.023399999999999997,62.75827089337129,0.69139633981133,0.734271769452444,0.007098113742795211,0.011394272334293777
209,0.0235125,62.08612391930787,0.6978782210088187,0.7298999943263631,0.0070224972082132955,0.011394272334294187
210,0.023624999999999997,61.413976945244485,0.7042983700044264,0.7254526026657003,0.006946880673630948,0.011394272334293718
211,0.023737499999999998,60.74182997118108,0.7106576645071849,0.7209295944704555,0.006871264139049029,0.0113942723342939
212,0.023849999999999996,60.069682997117646,0.716956965665578,0.7163309697406278,0.0067956476044666835,0.011394272334294322
213,0.023962499999999998,59.39753602305425,0.7231971184562862,0.7116567284762186,0.006720031069884758,0.011394272334293944
214,0.024075,58.72538904899083,0.7293789520620347,0.706906870677227,0.006644414535302624,0.011394272334294242
215,0.024187499999999997,58.053242074927454,0.7355032802388924,0.7020813963436539,0.006568798000720287,0.011394272334293453
216,0.0243,57.38109510086403,0.741570901673372,0.6971803054754979,0.006493181466138357,0.01139427233429429
217,0.024412499999999997,56.708948126800614,0.7475826003296536,0.6922035980727599,0.006417564931556023,0.011394272334294058
218,0.024525,56.03680115273721,0.7535391457872536,0.6871512741354401,0.006341948396974282,0.011394272334294084
219,0.0246375,55.36465417867378,0.7594412935694419,0.6820233336635376,0.006266331862391759,0.011394272334294218
220,0.02475,54.69250720461037,0.7652897854627011,0.6768197766570534,0.006190715327809815,0.011394272334294043
221,0.0248625,54.02036023054698,0.7710853498275144,0.6715406031159871,0.0061150987932274935,0.011394272334293822
222,0.024975,53.348213256483554,0.776828701900753,0.6661858130403384,0.006039482258645547,0.0113942723342942
223,0.0250875,52.67606628242015,0.7825205440899267,0.6607554064301078,0.005963865724063228,0.01139427233429387
224,0.0252,52.00391930835676,0.788161566259554,0.6552493832852951,0.005888249189481279,0.011394272334293912
225,0.0253125,51.331772334293326,0.7937524460098959,0.6496677436059,0.005812632654899144,0.011394272334294322
226,0.025425,50.659625360229924,0.7992938489482878,0.6440104873919229,0.005737016120316831,0.011394272334293888
227,0.0255375,49.98747838616651,0.8047864289533018,0.6382776146433636,0.005661399585734874,0.011394272334294145
228,0.02565,49.31533141210312,0.8102308284319559,0.6324691253602225,0.005585783051152569,0.011394272334293718
229,0.0257625,48.6431844380397,0.8156276785701854,0.6265850195424989,0.005510166516570606,0.01139427233429419
230,0.025875,47.9710374639763,0.8209775995767777,0.6206252971901933,0.005434549981988304,0.011394272334293878
231,0.0259875,47.298890489912864,0.8262812009209757,0.6145899583033053,0.0053589334474063366,0.011394272334294346
232,0.026099999999999998,46.62674351584945,0.8315390815639304,0.6084790028818352,0.0052833169128240366,0.011394272334294147
233,0.0262125,45.95459654178607,0.8367518301841986,0.6022924309257837,0.005207700378242067,0.011394272334293612
234,0.026324999999999998,45.282449567722686,0.841920025397456,0.5960302424351498,0.005132083843659777,0.011394272334293645
235,0.0264375,44.61030259365927,0.8470442359706009,0.5896924374099335,0.005056467309077803,0.011394272334294107
236,0.026549999999999997,43.93815561959584,0.852125021030414,0.5832790158501348,0.004980850774495512,0.011394272334294249
237,0.0266625,43.26600864553241,0.8571629302669375,0.5767899777557539,0.004905234239913529,0.011394272334294367
238,0.026774999999999997,42.59386167146898,0.8621585041317255,0.5702253231267909,0.0048296177053312435,0.011394272334294294
239,0.026887499999999998,41.921714697405626,0.8671122740311175,0.5635850519632468,0.004754001170749259,0.011394272334293302
240,0.026999999999999996,41.24956772334224,0.8720247625146813,0.5568691642651201,0.004678384636166985,0.011394272334293683
241,0.027112499999999998,40.577420749278794,0.8768964834589627,0.5500776600324107,0.004602768101584993,0.01139427233429446
242,0.027224999999999996,39.9052737752154,0.8817279422466796,0.5432105392651195,0.004527151567002718,0.011394272334293843
243,0.027337499999999997,39.23312680115193,0.8865196359414939,0.5362678019632454,0.004451535032420721,0.011394272334294835
244,0.027450000000000002,38.56097982708858,0.891272053458481,0.5292494481267908,0.004375918497838722,0.011394272334293382
245,0.0275625,37.88883285302514,0.8959856757304322,0.5221554777557528,0.004300301963256321,0.011394272334294304
246,0.027675,37.21668587896175,0.9006609758700908,0.5149858908501332,0.004224685428674319,0.011394272334293848
247,0.0277875,36.54453890489831,0.9052984193284568,0.507740687409931,0.004149068894092055,0.011394272334294353
248,0.0279,35.872391930834894,0.9098984640492552,0.5004198674351468,0.004073452359510047,0.011394272334294223
249,0.0280125,35.200244956771535,0.9144615606196856,0.49302343092578127,0.003997835824927791,0.011394272334293291
250,0.028125,34.52809798270812,0.9189881524175527,0.48555137788183295,0.003922219290345782,0.011394272334294107
251,0.0282375,33.85595100864468,0.9234786757548792,0.4780037083033021,0.003846602755763527,0.011394272334294396
252,0.02835,33.183804034581314,0.9279335600180996,0.4703804221901901,0.003770986221181512,0.011394272334293482
253,0.028462499999999998,32.511657060517884,0.9323532278049311,0.4626815195424951,0.0036953696865992653,0.011394272334294282
254,0.028575,31.839510086454503,0.9367380950580079,0.4549070003602187,0.0036197531520172446,0.01139427233429364
255,0.028687499999999998,31.16736311239108,0.9410885711953745,0.44705686464335953,0.0035441366174350014,0.011394272334294166
256,0.0288,30.495216138327645,0.945405059237918,0.4391311123919181,0.003468520082852974,0.011394272334294405
257,0.028912499999999997,29.82306916426421,0.9496879559338268,0.43112974360589446,0.0033929035482707323,0.011394272334294376
258,0.029025,29.15092219020079,0.9539376518801549,0.423052758285289,0.0033172870136887003,0.011394272334294167
259,0.029137499999999997,28.47877521613743,0.9581545316415689,0.41490015643010214,0.003241670479106468,0.011394272334293316
260,0.029249999999999998,27.80662824207402,0.962338973866357,0.4066719380403325,0.003166053944524436,0.011394272334294051
261,0.0293625,27.13448126801062,0.9664913513997674,0.3983681031159809,0.003090437409942302,0.011394272334293907
262,0.029474999999999998,26.462334293947183,0.9706120313947548,0.3899886516570466,0.0030148208753600736,0.011394272334294391
263,0.0295875,25.79018731988377,0.9747013754201986,0.3815335836635305,0.00293920434077803,0.011394272334294115
264,0.029699999999999997,25.11804034582039,0.9787597395666616,0.3730028991354328,0.0028635878061958084,0.011394272334293552
265,0.0298125,24.445893371756988,0.9827874745497551,0.3643965980727526,0.0027879712716137642,0.011394272334293942
266,0.029924999999999997,23.773746397693586,0.9867849258111714,0.35571468047549026,0.002712354737031547,0.011394272334293881
267,0.030037499999999998,23.101599423630134,0.990752433617446,0.34695714634364505,0.0026367382024494943,0.011394272334294707
268,0.030149999999999996,22.42945244956672,0.9946903331565096,0.3381239956772183,0.0025611216678672784,0.011394272334294037
269,0.0302625,21.757305475503333,0.9985989546320855,0.3292152284762098,0.0024855051332853,0.011394272334293772
270,0.030375,21.56625000000012,1.0,0.32753742187500184,0.0024369499954970263,0.004114756596705002
271,0.0304875,21.64612500000012,1.0,0.3299681179687518,0.0024306960937500455,8.326672684688674e-17
272,0.030600000000000002,21.72600000000012,1.0,0.33240780000000186,0.002439682031250046,-1.0842021724855044e-17
273,0.0307125,21.80587500000012,1.0,0.33485646796875185,0.0024486679687499703,-1.431146867680866e-17
274,0.030825,21.885750000000122,1.0,0.3373141218750019,0.002457653906250046,-3.2959746043559335e-17
275,0.0309375,21.965625000000124,1.0,0.33978076171875193,0.0024666398437499706,-3.642919299551295e-17
276,0.03105,22.045500000000125,1.0,0.342256387500002,0.002475625781250047,8.673617379884035e-19
277,0.0311625,22.125375000000126,1.0,0.34474099921875195,0.0024846117187499704,-3.469446951953614e-18
278,0.031275,22.205250000000127,1.0,0.34723459687500197,0.0024935976562499703,-4.2500725161431774e-17
279,0.0313875,22.28512500000013,1.0,0.349737180468752,0.0025025835937500475,-4.336808689942018e-18
280,0.0315,22.36500000000013,1.0,0.35224875000000205,0.002511569531250048,1.2576745200831851e-17
281,0.0316125,22.44487500000013,1.0,0.35476930546875207,0.002520555468750048,2.949029909160572e-17
282,0.031724999999999996,22.524750000000132,1.0,0.3572988468750021,0.0025295414062498924,-1.0972125985553305e-16
283,0.0318375,22.604625000000134,1.0,0.3598373742187521,0.0025385273437500484,7.37257477290143e-18
284,0.03195,22.684500000000135,1.0,0.36238488750000214,0.002547513281250049,2.42861286636753e-17
285,0.0320625,22.764375000000136,1.0,0.3649413867187522,0.002556499218750049,-1.431146867680866e-17
286,0.032174999999999995,22.844250000000137,1.0,0.36750687187500214,0.0025654851562498912,-4.466912950640278e-17
287,0.0322875,22.92412500000014,1.0,0.3700813429687522,0.0025744710937500494,-3.642919299551295e-17
288,0.0324,23.004000000000136,1.0,0.3726648000000022,0.00258345703125005,9.150666335777657e-17
289,0.0325125,23.083875000000138,1.0,0.37525724296875224,0.0025924429687500497,-3.0357660829594124e-18
290,0.032624999999999994,23.16375000000014,1.0,0.3778586718750022,0.0026014289062498896,-9.107298248878237e-17
291,0.032737499999999996,23.24362500000014,1.0,0.38046908671875224,0.00261041484375005,3.0357660829594124e-17
292,0.03285,23.32350000000014,1.0,0.3830884875000023,0.0026194007812500504,-8.239936510889834e-18
293,0.0329625,23.403375000000143,1.0,0.38571687421875234,0.0026283867187500507,8.673617379884035e-18
294,0.03307499999999999,23.483250000000144,1.0,0.3883542468750023,0.0026373726562498884,-8.153200337090993e-17
295,0.0331875,23.563125000000145,1.0,0.3910006054687524,0.0026463585937502145,9.454242944073599e-17
296,0.0333,23.643000000000146,1.0,0.3936559500000025,0.0026553445312500513,3.469446951953614e-18
297,0.0334125,23.722875000000148,1.0,0.39632028046875245,0.0026643304687498873,-8.847089727481716e-17
298,0.033525,23.80275000000015,1.0,0.39899359687500247,0.002673316406250052,3.729655473350135e-17
299,0.0336375,23.88262500000015,1.0,0.4016758992187525,0.0026823023437500524,-1.3010426069826053e-18
300,0.03375,23.96250000000015,1.0,0.40436718750000256,0.0026912882812500523,1.5178830414797062e-17
301,0.0338625,24.042375000000153,1.0,0.4070674617187525,0.002700274218749886,-7.892991815694472e-17
302,0.033975,24.122250000000154,1.0,0.4097767218750026,0.002709260156250053,-6.5052130349130266e-18
303,0.0340875,24.202125000000155,1.0,0.4124949679687526,0.0027182460937500534,1.0408340855860843e-17
304,0.0342,24.282000000000156,1.0,0.4152222000000027,0.0027272320312500538,-2.8189256484623115e-17
305,0.034312499999999996,24.361875000000154,1.0,0.4179584179687526,0.0027362179687498846,-1.431146867680866e-17
306,0.034425,24.441750000000155,1.0,0.42070362187500265,0.0027452039062500536,4.7704895589362195e-18
307,0.0345375,24.521625000000157,1.0,0.4234578117187527,0.002754189843750054,2.168404344971009e-17
308,0.03465,24.601500000000158,1.0,0.42622098750000276,0.0027631757812500543,-1.691355389077387e-17
309,0.0347625,24.68137500000016,1.0,0.4289931492187528,0.0027721617187500547,0.0
310,0.034874999999999996,24.76125000000016,1.0,0.43177429687500274,0.0027811476562498833,-4.380176776841438e-17
311,0.0349875,24.84112500000016,1.0,0.4345644304687528,0.002790133593750055,-2.211772431870429e-17
312,0.0351,24.921000000000163,1.0,0.4373635500000028,0.0027991195312500553,5.0306980803327406e-17
313,0.0352125,25.000875000000164,1.0,0.4401716554687529,0.0028081054687500557,-4.380176776841438e-17
314,0.035324999999999995,25.080750000000165,1.0,0.44298874687500284,0.002817091406249882,-3.426078865054194e-17
315,0.0354375,25.160625000000167,1.0,0.4458148242187529,0.002826077343750056,-1.0408340855860843e-17
316,0.03555,25.240500000000168,1.0,0.44864988750000295,0.0028350632812500563,6.5052130349130266e-18
317,0.0356625,25.32037500000017,1.0,0.451493936718753,0.0028440492187500567,2.3418766925686896e-17
318,0.035774999999999994,25.40025000000017,1.0,0.45434697187500295,0.002853035156249881,-8.023096076392733e-17
319,0.035887499999999996,25.48012500000017,1.0,0.457208992968753,0.002862021093750057,1.3010426069826053e-18
320,0.036,25.560000000000173,1.0,0.4600800000000031,0.0028710070312500573,-3.729655473350135e-17
321,0.0361125,25.639875000000174,1.0,0.4629599929687531,0.0028799929687500577,3.5128150388530344e-17
322,0.036225,25.71975000000017,1.0,0.4658489718750031,0.002888978906250058,5.204170427930421e-17
323,0.0363375,25.799625000000173,1.0,0.46874693671875317,0.0028979648437500575,1.2576745200831851e-17
324,0.03645,25.879500000000174,1.0,0.4716538875000032,0.002906950781250058,2.949029909160572e-17
325,0.0365625,25.959375000000176,1.0,0.47456982421875316,0.0029159367187498782,-7.806255641895632e-17
326,0.036675,26.039250000000177,1.0,0.4774947468750032,0.0029249226562500586,7.806255641895632e-18
327,0.0367875,26.119125000000178,1.0,0.4804286554687533,0.002933908593750059,-3.0791341698588326e-17
328,0.0369,26.19900000000018,1.0,0.4833715500000033,0.002942894531250059,4.119968255444917e-17
329,0.0370125,26.27887500000018,1.0,0.4863234304687533,0.002951880468749877,-1.240327285323417e-16
330,0.037125,26.35875000000018,1.0,0.48928429687500335,0.0029608664062500596,1.951563910473908e-17
331,0.0372375,26.438625000000183,1.0,0.4922541492187534,0.00296985234375006,3.642919299551295e-17
332,0.03735,26.518500000000184,1.0,0.49523298750000344,0.00297883828125006,-2.6020852139652106e-18
333,0.037462499999999996,26.598375000000186,1.0,0.49822081171875343,0.002987824218749876,-1.1449174941446927e-16
334,0.037575,26.678250000000187,1.0,0.5012176218750035,0.0029968101562500606,-2.42861286636753e-17
335,0.0376875,26.758125000000188,1.0,0.5042234179687535,0.003005796093750061,1.0364972768961422e-16
336,0.0378,26.83800000000019,1.0,0.5072382000000035,0.0030147820312500613,9.540979117872439e-18
337,0.037912499999999995,26.91787500000019,1.0,0.5102619679687536,0.0030237679687498747,-1.6046192152785466e-16
338,0.038024999999999996,26.99775000000019,1.0,0.5132947218750036,0.0030327539062500616,4.2934406030425976e-17
339,0.0381375,27.07762500000019,1.0,0.5163364617187536,0.0030417398437500615,5.941427905220564e-17
340,0.03825,27.15750000000019,1.0,0.5193871875000037,0.003050725781250062,-3.469446951953614e-17
341,0.038362499999999994,27.237375000000192,1.0,0.5224468992187536,0.003059711718749873,-9.584347204771859e-17
342,0.038474999999999995,27.317250000000193,1.0,0.5255155968750036,0.003068697656250062,1.0972125985553305e-16
343,0.0385875,27.397125000000194,1.0,0.5285932804687538,0.0030776835937500625,-9.540979117872439e-17
344,0.0387,27.477000000000196,1.0,0.5316799500000038,0.003086669531250063,3.252606517456513e-17
345,0.0388125,27.556875000000197,1.0,0.5347756054687538,0.003095655468750063,4.9439619065339e-17
